label,context
clickchuotphai,Làm ơn chạm chuột phải
clickchuotphai,Hãy giúp tôi click phải
clickchuotphai,vui lòng kích chuột phải
clickchuotphai,Tôi cần bạn bấm nhẹ chuột phải
clickchuotphai,Vui lòng cho mình chuột phải một cái
clickchuotphai,nhấn vào nút phải trên chuột
clickchuotphai,Vui lòng cho mình chuột phải một cái
clickchuotphai,Tôi yêu cầu bạn bấm nhẹ chuột phải
clickchuotphai,Giúp tôi thực hiện thao tác chuột phải ngay nhé
clickchuotphai,Hãy giúp tôi chuột phải ngay chỗ đó
clickchuotphai,Vui lòng thực hiện thao tác chuột phải
clickchuotphai,Tôi muốn bạn thực hiện thao tác chuột phải
clickchuotphai,Tôi yêu cầu bạn dùng chuột phải tương tác
clickchuotphai,Vui lòng click phải giúp tôi
clickchuotphai,Hãy thực hiện thao tác sau: vui lòng kích chuột phải
clickchuotphai,Tôi muốn bạn nhấp chuột phải để mở tùy chọn
clickchuotphai,Tôi cần bạn nhấn chuột phải
clickchuotphai,Hãy thực hiện thao tác sau: dùng chuột phải tương tác
clickchuotphai,Vui lòng nhấn vào nút phải trên chuột
clickchuotphai,Làm ơn click phải giúp tôi
clickchuotphai,Làm ơn thực hiện thao tác chuột phải
clickchuotphai,Hãy giúp tôi ấn chuột bên phải
clickchuotphai,Bạn có thể click phải giúp tôi được không
clickchuotphai,Vui lòng nhấp chuột phải để mở tùy chọn
clickchuotphai,nhấn vào nút phải trên chuột
clickchuotphai,Hãy thực hiện thao tác sau: chạm chuột phải
clickchuotphai,chuột phải ngay chỗ đó
clickchuotphai,Vui lòng click phải
clickchuotphai,Vui lòng ấn chuột bên phải
clickchuotphai,click chuột phải tại vị trí con trỏ
clickchuotphai,Vui lòng kích hoạt bằng chuột phải
clickchuotphai,Hãy thực hiện thao tác sau: vui lòng kích chuột phải
clickchuotphai,Làm ơn chạm chuột phải
clickchuotphai,Hãy thực hiện thao tác sau: bấm nút chuột phải để chọn
clickchuotphai,Vui lòng bấm chuột phải
clickchuotphai,Tôi yêu cầu bạn nhấp chuột phải để mở tùy chọn
clickchuotphai,Tôi cần bạn mở menu bằng chuột phải
clickchuotphai,Giúp tôi click chuột phải tại vị trí con trỏ ngay nhé
clickchuotphai,Hãy thực hiện thao tác sau: nhấp chuột phải để mở tùy chọn
clickchuotphai,Hãy giúp tôi vui lòng kích chuột phải
clickchuotphai,Hãy thực hiện thao tác sau: bấm chuột phải
clickchuotphai,Bạn có thể click phải được không
clickchuotphai,Giúp tôi nhấp chuột phải để mở tùy chọn ngay nhé
clickchuotphai,bấm chuột phải
clickchuotphai,Làm ơn cho mình chuột phải một cái
clickchuotphai,Hãy giúp tôi chuột phải ngay chỗ đó
clickchuotphai,Tôi cần bạn ấn mạnh chuột phải
clickchuotphai,Làm ơn nhấn chuột phải
clickchuotphai,Hãy giúp tôi kích hoạt bằng chuột phải
clickchuotphai,Giúp tôi nhấp chuột phải để mở tùy chọn ngay nhé
clickchuotphai,Giúp tôi chạm chuột phải ngay nhé
clickchuotphai,Tôi yêu cầu bạn ấn chuột bên phải
clickchuotphai,Vui lòng chạm chuột phải
clickchuotphai,Tôi cần bạn chạm chuột phải
clickchuotphai,Tôi cần bạn click phải giúp tôi
clickchuotphai,Bạn có thể kích hoạt bằng chuột phải được không
clickchuotphai,Tôi yêu cầu bạn click phải
clickchuotphai,Hãy thực hiện thao tác sau: kích chuột phải
clickchuotphai,Vui lòng ấn mạnh chuột phải
clickchuotphai,Vui lòng chạm chuột phải
clickchuotphai,Tôi muốn bạn nhấp chuột phải để mở tùy chọn
clickchuotphai,Tôi muốn bạn vui lòng kích chuột phải
clickchuotphai,ấn chuột bên phải
clickchuotphai,Bạn có thể click phải giúp tôi được không
clickchuotphai,dùng chuột phải tương tác
clickchuotphai,Làm ơn chuột phải ngay chỗ đó
clickchuotphai,Giúp tôi ấn mạnh chuột phải ngay nhé
clickchuotphai,Hãy giúp tôi cho mình chuột phải một cái
clickchuotphai,Vui lòng mở menu bằng chuột phải
clickchuotphai,Tôi cần bạn chuột phải ngay chỗ đó
clickchuotphai,bấm nút chuột phải để chọn
clickchuotphai,Vui lòng cho mình chuột phải một cái
clickchuotphai,Làm ơn thực hiện thao tác chuột phải
clickchuotphai,Hãy thực hiện thao tác sau: bấm nhẹ chuột phải
clickchuotphai,Bạn có thể click chuột phải tại vị trí con trỏ được không
clickchuotphai,Vui lòng chuột phải ngay chỗ đó
clickchuotphai,Làm ơn click phải
clickchuotphai,Hãy thực hiện thao tác sau: kích hoạt bằng chuột phải
clickchuotphai,Làm ơn ấn chuột bên phải
clickchuotphai,Tôi muốn bạn nhấn chuột phải
clickchuotphai,Giúp tôi chuột phải ngay chỗ đó ngay nhé
clickchuotphai,Tôi yêu cầu bạn bấm nút chuột phải để chọn
clickchuotphai,Tôi cần bạn dùng chuột phải tương tác
clickchuotphai,Vui lòng ấn mạnh chuột phải
clickchuotphai,Bạn có thể click chuột phải tại vị trí con trỏ được không
clickchuotphai,Làm ơn chạm chuột phải
clickchuotphai,Tôi muốn bạn nhấp chuột phải để mở tùy chọn
clickchuotphai,Giúp tôi click chuột phải tại vị trí con trỏ ngay nhé
clickchuotphai,Hãy giúp tôi nhấn chuột phải
clickchuotphai,Bạn có thể vui lòng kích chuột phải được không
clickchuotphai,Hãy thực hiện thao tác sau: nhấp chuột phải để mở tùy chọn
clickchuotphai,Làm ơn ấn chuột bên phải
clickchuotphai,Vui lòng click phải
clickchuotphai,Hãy thực hiện thao tác sau: thực hiện thao tác chuột phải
clickchuotphai,Tôi muốn bạn nhấn vào nút phải trên chuột
clickchuotphai,Bạn có thể kích chuột phải được không
clickchuotphai,Hãy giúp tôi bấm nút chuột phải để chọn
clickchuotphai,Làm ơn dùng chuột phải tương tác
clickchuotphai,Hãy giúp tôi mở menu bằng chuột phải
clickchuotphai,ấn chuột bên phải
clickchuottrai,Bạn có thể nhấn chuột trái được không
clickchuottrai,Bạn có thể nhấn trái tại vị trí trỏ chuột được không
clickchuottrai,Tôi cần bạn nhấn trái tại vị trí trỏ chuột
clickchuottrai,Tôi cần bạn bấm chuột trái giúp tôi
clickchuottrai,Hãy thực hiện thao tác sau: gõ nhẹ chuột trái
clickchuottrai,Hãy thực hiện thao tác sau: click trái
clickchuottrai,Tôi muốn bạn ấn chuột bên trái
clickchuottrai,Giúp tôi ấn nhẹ chuột trái ngay nhé
clickchuottrai,Vui lòng click trái
clickchuottrai,ấn vào nút trái của chuột
clickchuottrai,Hãy giúp tôi thực hiện thao tác chuột trái
clickchuottrai,Bạn có thể nhấp chuột trái ngay chỗ đó được không
clickchuottrai,Hãy giúp tôi ấn vào nút trái của chuột
clickchuottrai,Bạn có thể dùng chuột trái tương tác được không
clickchuottrai,Tôi yêu cầu bạn gõ nhẹ chuột trái
clickchuottrai,Hãy giúp tôi kích hoạt bằng chuột trái
clickchuottrai,gõ nhẹ chuột trái
clickchuottrai,Tôi yêu cầu bạn ấn chuột bên trái
clickchuottrai,Hãy thực hiện thao tác sau: click chuột trái để mở
clickchuottrai,Tôi cần bạn ấn nhẹ chuột trái
clickchuottrai,Hãy thực hiện thao tác sau: nhấp chuột trái ngay chỗ đó
clickchuottrai,click chuột trái để mở
clickchuottrai,Hãy giúp tôi ấn nhẹ chuột trái
clickchuottrai,nhấn chuột trái
clickchuottrai,Tôi cần bạn bấm chuột trái giúp tôi
clickchuottrai,Tôi cần bạn bấm nút chuột trái để chọn
clickchuottrai,Tôi yêu cầu bạn ấn chuột bên trái
clickchuottrai,Làm ơn click chuột trái để mở
clickchuottrai,Tôi muốn bạn dùng chuột trái tương tác
clickchuottrai,Làm ơn gõ nhẹ chuột trái
clickchuottrai,Bạn có thể nhấp chuột trái ngay chỗ đó được không
clickchuottrai,Tôi yêu cầu bạn nhấn trái tại vị trí trỏ chuột
clickchuottrai,Giúp tôi nhấp chuột trái ngay chỗ đó ngay nhé
clickchuottrai,bấm chuột trái
clickchuottrai,Làm ơn bấm chuột trái giúp tôi
clickchuottrai,Tôi yêu cầu bạn nhấn chuột trái
clickchuottrai,nhấn trái tại vị trí trỏ chuột
clickchuottrai,Hãy thực hiện thao tác sau: gõ nhẹ chuột trái
clickchuottrai,Bạn có thể ấn vào nút trái của chuột được không
clickchuottrai,Tôi cần bạn click chuột trái để mở
clickchuottrai,kích hoạt bằng chuột trái
clickchuottrai,ấn chuột bên trái
clickchuottrai,Vui lòng ấn vào nút trái của chuột
clickchuottrai,Giúp tôi bấm nút chuột trái để chọn ngay nhé
clickchuottrai,Hãy giúp tôi gõ nhẹ chuột trái
clickchuottrai,bấm nút chuột trái để chọn
clickchuottrai,Tôi yêu cầu bạn kích hoạt bằng chuột trái
clickchuottrai,Hãy giúp tôi nhấn trái tại vị trí trỏ chuột
clickchuottrai,Hãy giúp tôi click chuột trái vào mục này
clickchuottrai,Giúp tôi gõ nhẹ chuột trái ngay nhé
clickchuottrai,Tôi yêu cầu bạn nhấp chuột trái ngay chỗ đó
clickchuottrai,Giúp tôi nhấn trái tại vị trí trỏ chuột ngay nhé
clickchuottrai,Tôi muốn bạn gõ nhẹ chuột trái
clickchuottrai,Tôi muốn bạn ấn nhẹ chuột trái
clickchuottrai,Tôi yêu cầu bạn kích chuột trái
clickchuottrai,Bạn có thể thực hiện thao tác chuột trái được không
clickchuottrai,Tôi cần bạn dùng chuột trái tương tác
clickchuottrai,Bạn có thể nhấn chuột trái được không
clickchuottrai,Bạn có thể bấm nút chuột trái để chọn được không
clickchuottrai,Vui lòng bấm chuột trái
clickchuottrai,Tôi muốn bạn click chuột trái để mở
clickchuottrai,Tôi cần bạn nhấn chọn bằng chuột trái
clickchuottrai,Làm ơn nhấp chuột trái ngay chỗ đó
clickchuottrai,Giúp tôi click chuột trái để mở ngay nhé
clickchuottrai,Hãy giúp tôi bấm chuột trái
clickchuottrai,Hãy thực hiện thao tác sau: click nhẹ bằng chuột trái
clickchuottrai,Hãy thực hiện thao tác sau: dùng chuột trái tương tác
clickchuottrai,Hãy thực hiện thao tác sau: ấn chuột bên trái
clickchuottrai,Hãy giúp tôi click trái
clickchuottrai,Làm ơn dùng chuột trái tương tác
clickchuottrai,Giúp tôi ấn vào nút trái của chuột ngay nhé
clickchuottrai,Làm ơn bấm nút chuột trái để chọn
clickchuottrai,Bạn có thể kích hoạt bằng chuột trái được không
clickchuottrai,Tôi yêu cầu bạn ấn chuột bên trái
clickchuottrai,Tôi yêu cầu bạn ấn chuột bên trái
clickchuottrai,kích hoạt bằng chuột trái
clickchuottrai,Giúp tôi kích hoạt bằng chuột trái ngay nhé
clickchuottrai,Vui lòng nhấn chuột trái
clickchuottrai,Tôi muốn bạn nhấn chọn bằng chuột trái
clickchuottrai,Hãy thực hiện thao tác sau: nhấn chọn bằng chuột trái
clickchuottrai,Tôi muốn bạn thực hiện thao tác chuột trái
clickchuottrai,Tôi muốn bạn bấm chuột trái
clickchuottrai,Bạn có thể nhấn chọn bằng chuột trái được không
clickchuottrai,Tôi muốn bạn bấm nút chuột trái để chọn
clickchuottrai,Giúp tôi nhấn trái tại vị trí trỏ chuột ngay nhé
clickchuottrai,Làm ơn gõ nhẹ chuột trái
clickchuottrai,Giúp tôi dùng chuột trái tương tác ngay nhé
clickchuottrai,nhấp chuột trái ngay chỗ đó
clickchuottrai,Tôi cần bạn gõ nhẹ chuột trái
clickchuottrai,Tôi muốn bạn nhấn chuột trái
clickchuottrai,Hãy thực hiện thao tác sau: nhấn chuột trái
clickchuottrai,ấn chuột bên trái
clickchuottrai,Tôi yêu cầu bạn bấm chuột trái
clickchuottrai,Vui lòng kích chuột trái
clickchuottrai,Hãy thực hiện thao tác sau: nhấn trái tại vị trí trỏ chuột
clickchuottrai,bấm nút chuột trái để chọn
clickchuottrai,Giúp tôi gõ nhẹ chuột trái ngay nhé
clickchuottrai,Làm ơn click chuột trái vào mục này
clickchuottrai,Hãy thực hiện thao tác sau: nhấn trái tại vị trí trỏ chuột
clickchuottrai,Tôi muốn bạn click trái
dungchuongtrinh,Tôi cần bạn dừng mọi tiến trình hiện tại
dungchuongtrinh,dừng mọi tiến trình hiện tại
dungchuongtrinh,Giúp tôi hủy thao tác và dừng chương trình ngay nhé
dungchuongtrinh,Tôi muốn bạn hủy chạy chương trình
dungchuongtrinh,Tôi yêu cầu bạn ngắt tiến trình đang chạy
dungchuongtrinh,Vui lòng ngừng hoạt động phần mềm
dungchuongtrinh,Hãy thực hiện thao tác sau: dừng hoạt động hiện tại
dungchuongtrinh,Bạn có thể đóng ứng dụng lại được không
dungchuongtrinh,Hãy giúp tôi thoát chương trình ngay lập tức
dungchuongtrinh,Hãy thực hiện thao tác sau: dừng chương trình lại
dungchuongtrinh,Hãy giúp tôi stop lại ngay
dungchuongtrinh,Làm ơn ngừng chạy ứng dụng
dungchuongtrinh,Giúp tôi ngừng chạy ứng dụng ngay nhé
dungchuongtrinh,thoát chương trình ngay lập tức
dungchuongtrinh,Làm ơn tắt app này giùm tôi
dungchuongtrinh,Hãy thực hiện thao tác sau: pause chương trình trong giây lát
dungchuongtrinh,Hãy thực hiện thao tác sau: hủy thao tác và dừng chương trình
dungchuongtrinh,Hãy thực hiện thao tác sau: dừng mọi tiến trình hiện tại
dungchuongtrinh,Làm ơn ngừng hoạt động phần mềm
dungchuongtrinh,Bạn có thể ngừng hoạt động phần mềm được không
dungchuongtrinh,Tôi muốn bạn dừng mọi tiến trình hiện tại
dungchuongtrinh,Tôi cần bạn dừng mọi tiến trình hiện tại
dungchuongtrinh,Hãy thực hiện thao tác sau: ngắt ứng dụng ngay lập tức
dungchuongtrinh,hủy thao tác và dừng chương trình
dungchuongtrinh,Hãy giúp tôi dừng mọi tiến trình hiện tại
dungchuongtrinh,Hãy thực hiện thao tác sau: stop ứng dụng này ngay
dungchuongtrinh,Tôi muốn bạn dừng hoạt động hiện tại
dungchuongtrinh,Tôi yêu cầu bạn hủy chạy chương trình
dungchuongtrinh,Tôi cần bạn stop ứng dụng này ngay
dungchuongtrinh,Tôi cần bạn ngưng app lại
dungchuongtrinh,Tôi yêu cầu bạn ngừng hoạt động phần mềm
dungchuongtrinh,Làm ơn ngừng chạy ứng dụng
dungchuongtrinh,Làm ơn ngừng hoạt động phần mềm
dungchuongtrinh,Hãy giúp tôi ngắt ứng dụng ngay lập tức
dungchuongtrinh,Hãy giúp tôi dừng hoạt động hiện tại
dungchuongtrinh,Làm ơn stop ứng dụng này ngay
dungchuongtrinh,Hãy giúp tôi dừng mọi tiến trình hiện tại
dungchuongtrinh,dừng mọi tiến trình hiện tại
dungchuongtrinh,Tôi cần bạn ngừng chạy ứng dụng
dungchuongtrinh,Giúp tôi dừng hoạt động hiện tại ngay nhé
dungchuongtrinh,Tôi yêu cầu bạn kết thúc chương trình đang hoạt động
dungchuongtrinh,Hãy thực hiện thao tác sau: ngừng hoạt động phần mềm
dungchuongtrinh,dừng chương trình lại
dungchuongtrinh,Làm ơn dừng chương trình lại
dungchuongtrinh,Làm ơn stop ứng dụng này ngay
dungchuongtrinh,Hãy thực hiện thao tác sau: tắt chương trình này
dungchuongtrinh,Tôi cần bạn dừng mọi tiến trình hiện tại
dungchuongtrinh,Giúp tôi tắt app này giùm tôi ngay nhé
dungchuongtrinh,Hãy thực hiện thao tác sau: tắt app này giùm tôi
dungchuongtrinh,Vui lòng ngắt ứng dụng ngay lập tức
dungchuongtrinh,Tôi muốn bạn tắt app này giùm tôi
dungchuongtrinh,Giúp tôi dừng mọi tiến trình hiện tại ngay nhé
dungchuongtrinh,Hãy giúp tôi ngừng chạy ứng dụng
dungchuongtrinh,Làm ơn hủy thao tác và dừng chương trình
dungchuongtrinh,Vui lòng hủy thao tác và dừng chương trình
dungchuongtrinh,Tôi muốn bạn ngừng chạy ứng dụng
dungchuongtrinh,Tôi cần bạn đóng ứng dụng lại
dungchuongtrinh,Hãy thực hiện thao tác sau: ngừng hoạt động phần mềm
dungchuongtrinh,Tôi muốn bạn thoát ra khỏi chương trình
dungchuongtrinh,Hãy thực hiện thao tác sau: stop ứng dụng này ngay
dungchuongtrinh,Tôi yêu cầu bạn hủy thao tác và dừng chương trình
dungchuongtrinh,Tôi yêu cầu bạn hủy chạy chương trình
dungchuongtrinh,Hãy giúp tôi dừng mọi tiến trình hiện tại
dungchuongtrinh,Làm ơn stop ứng dụng này ngay
dungchuongtrinh,Hãy giúp tôi tắt app này giùm tôi
dungchuongtrinh,Vui lòng đóng cửa sổ ứng dụng này
dungchuongtrinh,Tôi cần bạn ngắt tiến trình đang chạy
dungchuongtrinh,Vui lòng dừng hoạt động hiện tại
dungchuongtrinh,Vui lòng tắt chương trình này
dungchuongtrinh,ngừng chạy ứng dụng
dungchuongtrinh,Tôi yêu cầu bạn hủy thao tác và dừng chương trình
dungchuongtrinh,Vui lòng ngưng app lại
dungchuongtrinh,Bạn có thể tắt app này giùm tôi được không
dungchuongtrinh,Tôi yêu cầu bạn ngắt ứng dụng ngay lập tức
dungchuongtrinh,Tôi muốn bạn tắt app này giùm tôi
dungchuongtrinh,Tôi yêu cầu bạn stop ứng dụng này ngay
dungchuongtrinh,Hãy giúp tôi ngừng hoạt động phần mềm
dungchuongtrinh,Tôi muốn bạn ngắt tiến trình đang chạy
dungchuongtrinh,Làm ơn thoát chương trình ngay lập tức
dungchuongtrinh,Làm ơn dừng chương trình lại
dungchuongtrinh,Tôi yêu cầu bạn ngừng chạy ứng dụng
dungchuongtrinh,Giúp tôi hủy chạy chương trình ngay nhé
dungchuongtrinh,ngắt tiến trình đang chạy
dungchuongtrinh,Làm ơn đóng cửa sổ ứng dụng này
dungchuongtrinh,Làm ơn hủy thao tác và dừng chương trình
dungchuongtrinh,Tôi cần bạn đóng ứng dụng lại
dungchuongtrinh,Tôi cần bạn hủy chạy chương trình
dungchuongtrinh,Tôi muốn bạn dừng mọi tiến trình hiện tại
dungchuongtrinh,Làm ơn ngừng hoạt động phần mềm
dungchuongtrinh,Tôi cần bạn ngắt tiến trình đang chạy
dungchuongtrinh,đóng cửa sổ ứng dụng này
dungchuongtrinh,Hãy thực hiện thao tác sau: dừng chương trình lại
dungchuongtrinh,Vui lòng pause chương trình trong giây lát
dungchuongtrinh,Vui lòng đóng cửa sổ ứng dụng này
dungchuongtrinh,Tôi yêu cầu bạn đóng cửa sổ ứng dụng này
dungchuongtrinh,Tôi cần bạn ngắt tiến trình đang chạy
dungchuongtrinh,kết thúc chương trình đang hoạt động
dungchuongtrinh,Làm ơn đóng cửa sổ ứng dụng này
dungchuongtrinh,Hãy giúp tôi stop ứng dụng này ngay
dungchuongtrinh,Giúp tôi pause chương trình trong giây lát ngay nhé
moapp,Vui lòng mở trình duyệt google
moapp,khởi chạy facebook
moapp,Tôi muốn bạn mở app youtube trên máy
moapp,Tôi yêu cầu bạn giúp tôi mở facebook ngay
moapp,Hãy thực hiện thao tác sau: truy cập google đi
moapp,Giúp tôi truy cập google đi ngay nhé
moapp,Bạn có thể khởi chạy facebook được không
moapp,Vui lòng mở app facebook
moapp,Hãy thực hiện thao tác sau: mở trình duyệt google
moapp,Vui lòng mở ứng dụng facebook giúp tôi
moapp,Tôi yêu cầu bạn search google cho tôi
moapp,Làm ơn mở youtube để nghe nhạc
moapp,Tôi muốn bạn mở ứng dụng google nhanh lên
moapp,Tôi muốn bạn khởi động app youtube
moapp,Tôi cần bạn truy cập google đi
moapp,Tôi muốn bạn mở app facebook
moapp,Vui lòng khởi động app youtube
moapp,Tôi yêu cầu bạn bật google để tìm kiếm
moapp,Tôi muốn bạn mở app youtube trên máy
moapp,Hãy thực hiện thao tác sau: mở facebook để tôi xem tin tức
moapp,Tôi cần bạn khởi động app youtube
moapp,Làm ơn mở youtube để nghe nhạc
moapp,Làm ơn mở app youtube trên máy
moapp,Hãy thực hiện thao tác sau: mở ứng dụng facebook giúp tôi
moapp,Tôi cần bạn khởi chạy youtube cho tôi
moapp,Bạn có thể khởi chạy youtube cho tôi được không
moapp,Bạn có thể bật ứng dụng google được không
moapp,Hãy giúp tôi bật ứng dụng facebook ngay lập tức
moapp,Hãy thực hiện thao tác sau: mở facebook để tôi xem tin tức
moapp,mở ứng dụng facebook giúp tôi
moapp,Tôi yêu cầu bạn bật ứng dụng facebook ngay lập tức
moapp,Tôi cần bạn khởi động app youtube
moapp,Bạn có thể khởi chạy facebook được không
moapp,Hãy thực hiện thao tác sau: khởi chạy youtube cho tôi
moapp,mở facebook để tôi xem tin tức
moapp,Hãy thực hiện thao tác sau: bật ứng dụng facebook ngay lập tức
moapp,mở app facebook
moapp,Làm ơn giúp tôi mở facebook ngay
moapp,chạy ứng dụng youtube
moapp,Giúp tôi mở youtube để nghe nhạc ngay nhé
moapp,Vui lòng mở app youtube trên máy
moapp,Làm ơn search google cho tôi
moapp,Hãy giúp tôi mở trình duyệt google
moapp,Giúp tôi chạy ứng dụng youtube ngay nhé
moapp,Tôi yêu cầu bạn mở ứng dụng facebook giúp tôi
moapp,Tôi muốn bạn mở app youtube trên máy
moapp,giúp tôi mở facebook ngay
moapp,khởi chạy youtube cho tôi
moapp,Vui lòng truy cập google đi
moapp,Giúp tôi mở ứng dụng facebook giúp tôi ngay nhé
moapp,Tôi yêu cầu bạn khởi chạy facebook
moapp,Tôi muốn bạn bật ứng dụng google
moapp,Làm ơn mở ứng dụng facebook giúp tôi
moapp,Tôi yêu cầu bạn khởi động app youtube
moapp,mở ứng dụng google nhanh lên
moapp,Tôi cần bạn mở facebook để tôi xem tin tức
moapp,Giúp tôi mở app youtube trên máy ngay nhé
moapp,Tôi muốn bạn mở app youtube trên máy
moapp,Bạn có thể bật google để tìm kiếm được không
moapp,Tôi muốn bạn mở app facebook
moapp,Hãy giúp tôi mở ứng dụng google nhanh lên
moapp,Hãy thực hiện thao tác sau: bật ứng dụng google
moapp,Vui lòng mở ứng dụng facebook giúp tôi
moapp,Tôi muốn bạn khởi chạy youtube cho tôi
moapp,Tôi yêu cầu bạn truy cập google đi
moapp,Tôi muốn bạn bật ứng dụng facebook ngay lập tức
moapp,Hãy giúp tôi mở youtube để nghe nhạc
moapp,Vui lòng mở app youtube giùm tôi
moapp,Tôi cần bạn mở facebook để tôi xem tin tức
moapp,Vui lòng mở trình duyệt google
moapp,Giúp tôi khởi chạy facebook ngay nhé
moapp,Tôi muốn bạn bật google để tìm kiếm
moapp,Bạn có thể bật app facebook được không
moapp,Tôi yêu cầu bạn bật ứng dụng google
moapp,Tôi yêu cầu bạn chạy ứng dụng youtube
moapp,Tôi yêu cầu bạn khởi động app youtube
moapp,Tôi muốn bạn mở ứng dụng google nhanh lên
moapp,Hãy thực hiện thao tác sau: bật app facebook
moapp,khởi chạy facebook
moapp,Vui lòng mở app youtube trên máy
moapp,Tôi yêu cầu bạn chạy ứng dụng youtube
moapp,Tôi yêu cầu bạn search google cho tôi
moapp,Vui lòng bật app facebook
moapp,mở ứng dụng google nhanh lên
moapp,Tôi cần bạn mở trình duyệt google
moapp,Tôi muốn bạn mở facebook để tôi xem tin tức
moapp,Hãy thực hiện thao tác sau: giúp tôi mở facebook ngay
moapp,Hãy thực hiện thao tác sau: chạy ứng dụng youtube
moapp,Tôi yêu cầu bạn search google cho tôi
moapp,Hãy thực hiện thao tác sau: mở app youtube trên máy
moapp,Hãy giúp tôi mở ứng dụng facebook giúp tôi
moapp,Giúp tôi mở app facebook ngay nhé
moapp,Giúp tôi mở app youtube trên máy ngay nhé
moapp,Vui lòng mở ứng dụng google nhanh lên
moapp,Hãy giúp tôi mở app youtube trên máy
moapp,Tôi cần bạn bật ứng dụng google
moapp,Tôi yêu cầu bạn mở ứng dụng facebook giúp tôi
moapp,Hãy giúp tôi mở youtube để nghe nhạc
moapp,Hãy thực hiện thao tác sau: khởi chạy youtube cho tôi
moapp,Vui lòng khởi chạy youtube cho tôi
phongto,Hãy thực hiện thao tác sau: tăng độ lớn hiển thị
phongto,Làm ơn zoom in vào khu vực đó
phongto,Vui lòng lớn hơn nữa đi
phongto,mở rộng toàn màn hình
phongto,Làm ơn đẩy kích thước lớn lên
phongto,Hãy giúp tôi tăng độ lớn hiển thị
phongto,Tôi cần bạn phóng lớn hình ảnh này
phongto,Tôi cần bạn tăng kích thước hiển thị
phongto,Làm ơn tăng kích thước hiển thị
phongto,Bạn có thể phóng đại nội dung được không
phongto,Tôi yêu cầu bạn tăng độ lớn hiển thị
phongto,Làm ơn zoom vào để thấy rõ hơn
phongto,Vui lòng mở rộng toàn màn hình
phongto,Hãy thực hiện thao tác sau: cho khung hình lớn hơn
phongto,Hãy thực hiện thao tác sau: mở rộng toàn màn hình
phongto,Tôi cần bạn mở rộng kích thước cửa sổ
phongto,Tôi cần bạn làm to khung cửa sổ
phongto,Tôi cần bạn phóng đại nội dung
phongto,Tôi muốn bạn làm to khung cửa sổ
phongto,Làm ơn mở rộng kích thước cửa sổ
phongto,Tôi cần bạn kéo rộng màn hình
phongto,Hãy giúp tôi tăng size hiển thị
phongto,mở rộng kích thước cửa sổ
phongto,Hãy thực hiện thao tác sau: mở rộng kích thước cửa sổ
phongto,lớn hơn nữa đi
phongto,Vui lòng làm to khung cửa sổ
phongto,Hãy giúp tôi làm to khung cửa sổ
phongto,Hãy giúp tôi tăng size hiển thị
phongto,Làm ơn cho khung hình lớn hơn
phongto,Tôi yêu cầu bạn cho cửa sổ lớn hết mức
phongto,Vui lòng mở rộng kích thước cửa sổ
phongto,Hãy giúp tôi kéo rộng màn hình
phongto,Làm ơn zoom mạnh lên
phongto,Vui lòng tăng size hiển thị
phongto,Hãy thực hiện thao tác sau: cho khung hình lớn hơn
phongto,Làm ơn tăng size hiển thị
phongto,Tôi muốn bạn zoom vào để thấy rõ hơn
phongto,Hãy thực hiện thao tác sau: đẩy kích thước lớn lên
phongto,Giúp tôi zoom vào để thấy rõ hơn ngay nhé
phongto,Vui lòng zoom vào để thấy rõ hơn
phongto,Hãy thực hiện thao tác sau: phóng đại nội dung
phongto,Giúp tôi tăng size hiển thị ngay nhé
phongto,Tôi yêu cầu bạn làm nó to ra
phongto,Giúp tôi phóng to màn hình này lên ngay nhé
phongto,Tôi cần bạn phóng lớn hình ảnh này
phongto,Tôi muốn bạn kéo rộng màn hình
phongto,Hãy thực hiện thao tác sau: kéo rộng màn hình
phongto,Tôi cần bạn tăng size hiển thị
phongto,mở rộng toàn màn hình
phongto,Hãy thực hiện thao tác sau: đẩy kích thước lớn lên
phongto,Làm ơn phóng đại nội dung
phongto,Hãy giúp tôi phóng to màn hình này lên
phongto,Vui lòng tăng kích thước hiển thị
phongto,Hãy giúp tôi phóng to thêm chút nữa
phongto,Hãy giúp tôi cho cửa sổ lớn hết mức
phongto,Vui lòng làm to khung cửa sổ
phongto,Hãy thực hiện thao tác sau: mở to màn hình ra
phongto,Tôi cần bạn zoom vào để thấy rõ hơn
phongto,Hãy thực hiện thao tác sau: cho cửa sổ lớn hết mức
phongto,Tôi cần bạn phóng đại nội dung
phongto,Tôi cần bạn mở to màn hình ra
phongto,mở to màn hình ra
phongto,Tôi yêu cầu bạn mở to màn hình ra
phongto,Bạn có thể mở rộng toàn màn hình được không
phongto,Tôi muốn bạn phóng lớn hình ảnh này
phongto,Tôi muốn bạn phóng to màn hình này lên
phongto,mở rộng kích thước cửa sổ
phongto,Hãy thực hiện thao tác sau: phóng to thêm chút nữa
phongto,Làm ơn phóng to màn hình này lên
phongto,Tôi yêu cầu bạn phóng đại nội dung
phongto,Làm ơn làm to khung cửa sổ
phongto,Hãy thực hiện thao tác sau: làm nó to ra
phongto,Vui lòng phóng đại nội dung
phongto,Tôi cần bạn làm nó to ra
phongto,Làm ơn cho khung hình lớn hơn
phongto,Tôi cần bạn phóng lớn hình ảnh này
phongto,Vui lòng tăng độ lớn hiển thị
phongto,Tôi cần bạn tăng size hiển thị
phongto,Hãy giúp tôi mở rộng toàn màn hình
phongto,Giúp tôi mở rộng toàn màn hình ngay nhé
phongto,Tôi yêu cầu bạn làm to khung cửa sổ
phongto,Hãy thực hiện thao tác sau: mở rộng kích thước cửa sổ
phongto,Hãy giúp tôi phóng đại nội dung
phongto,Tôi muốn bạn đẩy kích thước lớn lên
phongto,Tôi cần bạn zoom mạnh lên
phongto,Giúp tôi zoom vào để thấy rõ hơn ngay nhé
phongto,mở rộng kích thước cửa sổ
phongto,Làm ơn zoom mạnh lên
phongto,zoom mạnh lên
phongto,Hãy giúp tôi mở rộng toàn màn hình
phongto,Tôi cần bạn phóng đại nội dung
phongto,Tôi yêu cầu bạn đẩy kích thước lớn lên
phongto,Hãy thực hiện thao tác sau: phóng đại nội dung
phongto,cho cửa sổ lớn hết mức
phongto,đẩy kích thước lớn lên
phongto,Tôi muốn bạn cho khung hình lớn hơn
phongto,Tôi cần bạn lớn hơn nữa đi
phongto,Làm ơn zoom in vào khu vực đó
phongto,Tôi muốn bạn phóng to màn hình này lên
phongto,Làm ơn lớn hơn nữa đi
thunho,Bạn có thể zoom ra cho nhỏ lại được không
thunho,Vui lòng giảm hóa cửa sổ xuống
thunho,thu nhỏ để nhìn tổng thể hơn
thunho,Tôi cần bạn thu nhỏ để nhìn tổng thể hơn
thunho,Hãy thực hiện thao tác sau: thu khung hình xuống
thunho,Tôi muốn bạn làm khung hình nhỏ hơn
thunho,làm nhỏ màn hình lại
thunho,Giúp tôi làm bé lại nội dung ngay nhé
thunho,Tôi muốn bạn co nhỏ nội dung hiển thị
thunho,Hãy giúp tôi thu khung hình xuống
thunho,Tôi muốn bạn giảm kích thước khung hình
thunho,thu bé màn hình xuống chút
thunho,Vui lòng zoom ra cho nhỏ lại
thunho,Hãy giúp tôi co lại màn hình
thunho,Làm ơn rút gọn kích thước cửa sổ
thunho,Làm ơn giảm kích thước hiển thị
thunho,Hãy giúp tôi zoom out để màn hình bé lại
thunho,Làm ơn co nhỏ nội dung hiển thị
thunho,Vui lòng zoom ra cho nhỏ lại
thunho,Giúp tôi giảm hóa cửa sổ xuống ngay nhé
thunho,Hãy thực hiện thao tác sau: zoom ra cho nhỏ lại
thunho,co nhỏ nội dung hiển thị
thunho,Bạn có thể thu nhỏ để nhìn tổng thể hơn được không
thunho,làm bé lại nội dung
thunho,Giúp tôi giảm kích thước hiển thị ngay nhé
thunho,Hãy thực hiện thao tác sau: thu nhỏ để nhìn tổng thể hơn
thunho,Tôi cần bạn giảm kích thước hiển thị
thunho,Hãy giúp tôi co nhỏ nội dung hiển thị
thunho,thu bé màn hình xuống chút
thunho,Giúp tôi thu nhỏ cửa sổ xuống ngay nhé
thunho,làm nhỏ màn hình lại
thunho,Tôi yêu cầu bạn thu bé màn hình xuống chút
thunho,thu khung hình xuống
thunho,Giúp tôi zoom ra cho nhỏ lại ngay nhé
thunho,Tôi cần bạn co lại màn hình
thunho,Vui lòng giảm hóa cửa sổ xuống
thunho,Giúp tôi giảm độ lớn hiển thị ngay nhé
thunho,Vui lòng thu bé màn hình xuống chút
thunho,Làm ơn làm bé lại nội dung
thunho,Vui lòng giảm kích thước khung hình
thunho,Bạn có thể thu nhỏ thêm chút nữa được không
thunho,Hãy thực hiện thao tác sau: thu khung hình xuống
thunho,Tôi yêu cầu bạn co nhỏ nội dung hiển thị
thunho,Vui lòng giảm độ lớn hiển thị
thunho,Tôi muốn bạn thu hẹp cửa sổ
thunho,Bạn có thể rút gọn kích thước cửa sổ được không
thunho,Bạn có thể rút gọn kích thước cửa sổ được không
thunho,Hãy thực hiện thao tác sau: thu nhỏ để nhìn tổng thể hơn
thunho,Tôi cần bạn giảm size hiển thị
thunho,Vui lòng làm khung hình nhỏ hơn
thunho,Hãy thực hiện thao tác sau: thu nhỏ cửa sổ xuống
thunho,làm nhỏ màn hình lại
thunho,Giúp tôi zoom ra cho nhỏ lại ngay nhé
thunho,Làm ơn giảm độ lớn hiển thị
thunho,giảm kích thước khung hình
thunho,Bạn có thể co lại màn hình được không
thunho,Hãy giúp tôi zoom out để màn hình bé lại
thunho,Hãy giúp tôi co nhỏ nội dung hiển thị
thunho,Tôi muốn bạn co nhỏ nội dung hiển thị
thunho,Làm ơn làm khung hình nhỏ hơn
thunho,Bạn có thể co nhỏ nội dung hiển thị được không
thunho,Tôi cần bạn thu nhỏ cửa sổ xuống
thunho,Hãy giúp tôi co lại màn hình
thunho,Bạn có thể thu hẹp cửa sổ được không
thunho,Hãy thực hiện thao tác sau: thu bé màn hình xuống chút
thunho,Tôi cần bạn thu hẹp cửa sổ
thunho,Tôi cần bạn giảm độ lớn hiển thị
thunho,Tôi yêu cầu bạn thu nhỏ để nhìn tổng thể hơn
thunho,Tôi cần bạn thu nhỏ cửa sổ xuống
thunho,Vui lòng giảm kích thước hiển thị
thunho,Bạn có thể thu khung hình xuống được không
thunho,Tôi yêu cầu bạn zoom out để màn hình bé lại
thunho,Hãy thực hiện thao tác sau: thu gọn cửa sổ này
thunho,Vui lòng làm bé lại nội dung
thunho,Vui lòng co lại màn hình
thunho,Bạn có thể giảm hóa cửa sổ xuống được không
thunho,Hãy thực hiện thao tác sau: thu khung hình xuống
thunho,Giúp tôi thu nhỏ cửa sổ xuống ngay nhé
thunho,Giúp tôi thu hẹp cửa sổ ngay nhé
thunho,Hãy giúp tôi rút gọn kích thước cửa sổ
thunho,Tôi cần bạn thu nhỏ thêm chút nữa
thunho,Tôi yêu cầu bạn làm nhỏ màn hình lại
thunho,Giúp tôi thu nhỏ cửa sổ xuống ngay nhé
thunho,Giúp tôi làm nhỏ màn hình lại ngay nhé
thunho,Hãy giúp tôi làm khung hình nhỏ hơn
thunho,Giúp tôi thu bé màn hình xuống chút ngay nhé
thunho,Bạn có thể thu hẹp cửa sổ được không
thunho,Tôi yêu cầu bạn thu khung hình xuống
thunho,Hãy giúp tôi làm bé lại nội dung
thunho,Tôi yêu cầu bạn zoom out để màn hình bé lại
thunho,Làm ơn rút gọn kích thước cửa sổ
thunho,Vui lòng co nhỏ nội dung hiển thị
thunho,Vui lòng co lại màn hình
thunho,Làm ơn làm nhỏ màn hình lại
thunho,Tôi cần bạn giảm kích thước hiển thị
thunho,Bạn có thể thu nhỏ thêm chút nữa được không
thunho,Tôi cần bạn thu nhỏ để nhìn tổng thể hơn
thunho,Tôi yêu cầu bạn co lại màn hình
thunho,Làm ơn làm bé lại nội dung
thunho,Làm ơn rút gọn kích thước cửa sổ
vuotlen,Vui lòng vuốt lên để xem phần phía trên
vuotlen,Vui lòng lật trang lên
vuotlen,Vui lòng đẩy nội dung lên
vuotlen,Tôi cần bạn đẩy trang lên
vuotlen,Tôi yêu cầu bạn lướt lên để đọc tiếp
vuotlen,Tôi muốn bạn đẩy nội dung lên
vuotlen,Tôi muốn bạn vuốt lên để xem phần phía trên
vuotlen,Tôi yêu cầu bạn di chuyển trang lên trên
vuotlen,Bạn có thể vuốt lên để xem phần phía trên được không
vuotlen,Tôi muốn bạn đẩy nội dung lên
vuotlen,Tôi cần bạn kéo màn hình lên
vuotlen,Làm ơn trượt lên phía trên
vuotlen,Hãy thực hiện thao tác sau: lướt lên phía trên
vuotlen,Tôi yêu cầu bạn đẩy trang lên
vuotlen,Hãy thực hiện thao tác sau: cuộn tiếp tục lên
vuotlen,Vui lòng lật trang lên
vuotlen,Làm ơn lướt lên phía trên
vuotlen,Tôi cần bạn lướt lên để đọc tiếp
vuotlen,Hãy giúp tôi quẹt lên để chuyển trang
vuotlen,Tôi yêu cầu bạn di chuyển trang lên trên
vuotlen,Tôi cần bạn vuốt lên để xem phần phía trên
vuotlen,Tôi yêu cầu bạn kéo màn hình lên
vuotlen,vuốt mạnh lên
vuotlen,Hãy giúp tôi đẩy trang lên
vuotlen,Hãy thực hiện thao tác sau: di chuyển con trỏ lên
vuotlen,Vui lòng di chuyển con trỏ lên
vuotlen,Vui lòng vuốt lên để xem phần phía trên
vuotlen,Vui lòng di chuyển con trỏ lên
vuotlen,Hãy thực hiện thao tác sau: lướt lên phía trên
vuotlen,Làm ơn kéo màn hình lên
vuotlen,Bạn có thể đẩy trang lên được không
vuotlen,cuộn tiếp tục lên
vuotlen,Bạn có thể di chuyển trang lên trên được không
vuotlen,Tôi yêu cầu bạn lướt lên phía trên
vuotlen,Tôi yêu cầu bạn di chuyển trang lên trên
vuotlen,Tôi cần bạn lướt lên để đọc tiếp
vuotlen,chuyển trang lên trên
vuotlen,Giúp tôi trượt lên phía trên ngay nhé
vuotlen,cuộn tiếp tục lên
vuotlen,Tôi cần bạn cuộn màn hình lên chút
vuotlen,Tôi yêu cầu bạn kéo màn hình lên
vuotlen,Tôi cần bạn kéo nhẹ lên phía trên
vuotlen,Hãy thực hiện thao tác sau: di chuyển trang lên trên
vuotlen,Tôi yêu cầu bạn đẩy nội dung lên
vuotlen,Giúp tôi lướt lên để đọc tiếp ngay nhé
vuotlen,Tôi yêu cầu bạn di chuyển trang lên trên
vuotlen,Hãy thực hiện thao tác sau: kéo nhẹ lên phía trên
vuotlen,Bạn có thể lật trang lên được không
vuotlen,Bạn có thể đẩy nội dung lên được không
vuotlen,Giúp tôi lướt lên để đọc tiếp ngay nhé
vuotlen,Vui lòng lướt lên phía trên
vuotlen,Bạn có thể trượt lên phía trên được không
vuotlen,Hãy thực hiện thao tác sau: vuốt mạnh lên
vuotlen,Tôi cần bạn lướt lên để đọc tiếp
vuotlen,kéo nhẹ lên phía trên
vuotlen,Làm ơn vuốt lên để xem phần phía trên
vuotlen,Hãy thực hiện thao tác sau: trượt lên phía trên
vuotlen,Bạn có thể đưa nội dung lên cao hơn được không
vuotlen,Tôi muốn bạn di chuyển trang lên trên
vuotlen,Làm ơn scroll lên trên
vuotlen,Hãy thực hiện thao tác sau: cuộn lên cho tôi
vuotlen,Tôi cần bạn di chuyển trang lên trên
vuotlen,Bạn có thể kéo nhẹ lên phía trên được không
vuotlen,Giúp tôi scroll thêm lên ngay nhé
vuotlen,Làm ơn quẹt lên để chuyển trang
vuotlen,Tôi yêu cầu bạn lật trang lên
vuotlen,Giúp tôi lật trang lên ngay nhé
vuotlen,Tôi cần bạn vuốt mạnh lên
vuotlen,Tôi muốn bạn quẹt lên để chuyển trang
vuotlen,Vui lòng vuốt mạnh lên
vuotlen,Vui lòng cuộn tiếp tục lên
vuotlen,Bạn có thể lật trang lên được không
vuotlen,Tôi cần bạn cuộn tiếp tục lên
vuotlen,Tôi yêu cầu bạn scroll lên trên
vuotlen,vuốt mạnh lên
vuotlen,Tôi muốn bạn di chuyển trang lên trên
vuotlen,Làm ơn scroll lên trên
vuotlen,trượt lên phía trên
vuotlen,Giúp tôi quẹt lên để chuyển trang ngay nhé
vuotlen,Tôi cần bạn đưa nội dung lên cao hơn
vuotlen,Vui lòng kéo nhẹ lên phía trên
vuotlen,Làm ơn lướt lên để đọc tiếp
vuotlen,Vui lòng scroll lên trên
vuotlen,Bạn có thể cuộn lên cho tôi được không
vuotlen,Tôi yêu cầu bạn đưa nội dung lên cao hơn
vuotlen,Bạn có thể vuốt lên để xem phần phía trên được không
vuotlen,Giúp tôi lướt lên để đọc tiếp ngay nhé
vuotlen,Bạn có thể scroll thêm lên được không
vuotlen,Hãy thực hiện thao tác sau: đưa nội dung lên cao hơn
vuotlen,Tôi yêu cầu bạn kéo nhẹ lên phía trên
vuotlen,Hãy thực hiện thao tác sau: lật trang lên
vuotlen,Tôi yêu cầu bạn cuộn màn hình lên chút
vuotlen,Làm ơn cuộn màn hình lên chút
vuotlen,Hãy giúp tôi quẹt lên để chuyển trang
vuotlen,Tôi cần bạn đẩy nội dung lên
vuotlen,Tôi yêu cầu bạn scroll lên trên
vuotlen,Tôi muốn bạn di chuyển trang lên trên
vuotlen,Hãy thực hiện thao tác sau: trượt lên phía trên
vuotlen,Hãy thực hiện thao tác sau: đẩy nội dung lên
vuotlen,scroll lên trên
vuotphai,Bạn có thể xoay sang phải được không
vuotphai,Hãy giúp tôi kéo nhẹ sang phải
vuotphai,Hãy giúp tôi trượt qua phải
vuotphai,quẹt sang phải
vuotphai,Tôi yêu cầu bạn xoay sang phải
vuotphai,Vui lòng kéo màn hình sang phải
vuotphai,Tôi yêu cầu bạn di chuyển nội dung sang phải
vuotphai,Vui lòng scroll sang phải
vuotphai,chuyển trang qua phải
vuotphai,Tôi cần bạn dịch sang phải chút
vuotphai,Vui lòng cho màn hình đi sang phải
vuotphai,Tôi muốn bạn trượt qua phải
vuotphai,trượt sang phải
vuotphai,Tôi cần bạn di sang phải thêm chút
vuotphai,đẩy toàn bộ sang phải
vuotphai,Tôi muốn bạn đẩy nhẹ qua phải
vuotphai,Tôi muốn bạn dịch sang phải chút
vuotphai,Làm ơn xoay sang phải
vuotphai,Tôi cần bạn cho màn hình đi sang phải
vuotphai,Vui lòng vuốt mạnh sang phải
vuotphai,Tôi muốn bạn đẩy toàn bộ sang phải
vuotphai,Tôi muốn bạn nghiêng trang sang phải
vuotphai,vuốt sang phải để xem thêm
vuotphai,đẩy toàn bộ sang phải
vuotphai,Vui lòng kéo nhẹ sang phải
vuotphai,Tôi yêu cầu bạn dịch sang phải chút
vuotphai,Hãy giúp tôi vuốt sang phải để xem thêm
vuotphai,Hãy thực hiện thao tác sau: cho màn hình đi sang phải
vuotphai,Hãy thực hiện thao tác sau: kéo nhẹ sang phải
vuotphai,Tôi cần bạn scroll sang phải
vuotphai,Vui lòng scroll sang phải
vuotphai,Hãy thực hiện thao tác sau: vuốt mạnh sang phải
vuotphai,Hãy thực hiện thao tác sau: di sang phải thêm chút
vuotphai,Tôi muốn bạn dịch sang phải chút
vuotphai,Vui lòng kéo nhẹ sang phải
vuotphai,Vui lòng scroll sang phải
vuotphai,scroll sang phải
vuotphai,Hãy thực hiện thao tác sau: nghiêng trang sang phải
vuotphai,Tôi cần bạn chuyển trang qua phải
vuotphai,Vui lòng di chuyển nội dung sang phải
vuotphai,Làm ơn trượt sang phải
vuotphai,Vui lòng chuyển trang qua phải
vuotphai,Tôi muốn bạn đẩy toàn bộ sang phải
vuotphai,Hãy giúp tôi trượt sang phải
vuotphai,Hãy giúp tôi trượt qua phải
vuotphai,Bạn có thể quẹt sang phải được không
vuotphai,Vui lòng scroll sang phải
vuotphai,Tôi muốn bạn quẹt qua bên phải
vuotphai,Hãy thực hiện thao tác sau: di sang phải thêm chút
vuotphai,kéo màn hình sang phải
vuotphai,Tôi yêu cầu bạn xoay sang phải
vuotphai,Bạn có thể quẹt qua bên phải được không
vuotphai,Bạn có thể dịch sang phải chút được không
vuotphai,Hãy giúp tôi di chuyển nội dung sang phải
vuotphai,Bạn có thể kéo màn hình sang phải được không
vuotphai,Vui lòng lướt sang phải
vuotphai,Tôi yêu cầu bạn quẹt qua bên phải
vuotphai,Giúp tôi quẹt qua bên phải ngay nhé
vuotphai,Làm ơn scroll sang phải
vuotphai,Tôi yêu cầu bạn trượt qua phải
vuotphai,Tôi yêu cầu bạn chuyển trang qua phải
vuotphai,Vui lòng đẩy toàn bộ sang phải
vuotphai,Tôi cần bạn đưa màn hình sang bên phải
vuotphai,Hãy thực hiện thao tác sau: di chuyển nội dung sang phải
vuotphai,kéo nhẹ sang phải
vuotphai,Làm ơn đưa màn hình sang bên phải
vuotphai,Hãy thực hiện thao tác sau: kéo nhẹ sang phải
vuotphai,Tôi muốn bạn trượt qua phải
vuotphai,Vui lòng đưa màn hình sang bên phải
vuotphai,Giúp tôi lướt sang phải ngay nhé
vuotphai,Tôi yêu cầu bạn dịch sang phải chút
vuotphai,Tôi cần bạn cho màn hình đi sang phải
vuotphai,Hãy thực hiện thao tác sau: xoay sang phải
vuotphai,Tôi yêu cầu bạn quẹt sang phải
vuotphai,nghiêng trang sang phải
vuotphai,Tôi cần bạn chuyển trang qua phải
vuotphai,Tôi yêu cầu bạn di chuyển nội dung sang phải
vuotphai,Hãy thực hiện thao tác sau: quẹt sang phải
vuotphai,Hãy giúp tôi lướt sang phải
vuotphai,Tôi cần bạn chuyển trang qua phải
vuotphai,Vui lòng di chuyển nội dung sang phải
vuotphai,Làm ơn dịch sang phải chút
vuotphai,Tôi yêu cầu bạn quẹt qua bên phải
vuotphai,Tôi yêu cầu bạn lướt sang phải
vuotphai,Tôi yêu cầu bạn xoay sang phải
vuotphai,Vui lòng chuyển trang qua phải
vuotphai,trượt qua phải
vuotphai,Giúp tôi scroll sang phải ngay nhé
vuotphai,Làm ơn vuốt mạnh sang phải
vuotphai,Bạn có thể quẹt sang phải được không
vuotphai,Làm ơn kéo màn hình sang phải
vuotphai,Hãy thực hiện thao tác sau: vuốt sang phải để xem thêm
vuotphai,Làm ơn xoay sang phải
vuotphai,Làm ơn trượt sang phải
vuotphai,Bạn có thể chuyển trang qua phải được không
vuotphai,Tôi muốn bạn dịch sang phải chút
vuotphai,quẹt sang phải
vuotphai,Làm ơn kéo màn hình sang phải
vuotphai,Tôi muốn bạn đẩy nhẹ qua phải
vuotphai,Làm ơn dịch sang phải chút
vuottrai,Vui lòng đưa toàn bộ nội dung sang trái
vuottrai,Hãy thực hiện thao tác sau: lướt sang trái
vuottrai,Tôi yêu cầu bạn kéo nhẹ sang trái
vuottrai,Tôi muốn bạn đẩy nhẹ qua trái
vuottrai,Tôi muốn bạn di sang trái một đoạn
vuottrai,Vui lòng kéo nhẹ sang trái
vuottrai,Làm ơn đưa toàn bộ nội dung sang trái
vuottrai,Làm ơn đẩy màn hình sang trái
vuottrai,Tôi yêu cầu bạn chuyển trang qua trái
vuottrai,Tôi cần bạn trượt qua trái
vuottrai,Vui lòng quẹt sang trái
vuottrai,Làm ơn đưa toàn bộ nội dung sang trái
vuottrai,Tôi cần bạn trượt qua trái
vuottrai,Vui lòng di sang trái một đoạn
vuottrai,Hãy thực hiện thao tác sau: đẩy màn hình sang trái
vuottrai,Bạn có thể vuốt mạnh sang trái được không
vuottrai,Vui lòng đưa toàn bộ nội dung sang trái
vuottrai,Giúp tôi quẹt sang trái ngay nhé
vuottrai,Làm ơn trượt sang trái
vuottrai,Hãy giúp tôi quẹt sang trái
vuottrai,Bạn có thể di chuyển con trỏ sang trái được không
vuottrai,Tôi muốn bạn lướt sang trái
vuottrai,Tôi yêu cầu bạn xoay sang trái
vuottrai,Bạn có thể di sang trái một đoạn được không
vuottrai,Vui lòng đẩy màn hình sang trái
vuottrai,Tôi muốn bạn vuốt mạnh sang trái
vuottrai,Làm ơn quẹt sang trái
vuottrai,Hãy giúp tôi di chuyển nội dung sang trái
vuottrai,Hãy thực hiện thao tác sau: nghiêng màn hình sang trái
vuottrai,Vui lòng đẩy màn hình sang trái
vuottrai,Bạn có thể đẩy màn hình sang trái được không
vuottrai,Tôi muốn bạn di chuyển nội dung sang trái
vuottrai,di sang trái một đoạn
vuottrai,Vui lòng đẩy nhẹ qua trái
vuottrai,Bạn có thể quẹt sang trái được không
vuottrai,Làm ơn vuốt mạnh sang trái
vuottrai,Làm ơn trượt sang trái
vuottrai,Tôi muốn bạn đẩy nhẹ qua trái
vuottrai,Tôi yêu cầu bạn di chuyển con trỏ sang trái
vuottrai,Vui lòng đưa toàn bộ nội dung sang trái
vuottrai,Tôi yêu cầu bạn trượt qua trái
vuottrai,Tôi yêu cầu bạn di sang trái một đoạn
vuottrai,chuyển trang qua trái
vuottrai,trượt sang trái
vuottrai,Tôi muốn bạn kéo trang sang trái
vuottrai,Giúp tôi kéo trang sang trái ngay nhé
vuottrai,Tôi muốn bạn kéo nhẹ sang trái
vuottrai,Làm ơn lật trang sang trái
vuottrai,Hãy giúp tôi nghiêng màn hình sang trái
vuottrai,Giúp tôi trượt sang trái ngay nhé
vuottrai,Làm ơn vuốt mạnh sang trái
vuottrai,Giúp tôi di chuyển nội dung sang trái ngay nhé
vuottrai,Tôi muốn bạn chuyển trang qua trái
vuottrai,Hãy thực hiện thao tác sau: trượt sang trái
vuottrai,Hãy thực hiện thao tác sau: lướt sang trái
vuottrai,Tôi muốn bạn đẩy nhẹ qua trái
vuottrai,lật trang sang trái
vuottrai,Tôi cần bạn vuốt sang trái để xem phần trước đó
vuottrai,Vui lòng vuốt mạnh sang trái
vuottrai,Tôi muốn bạn xoay sang trái
vuottrai,Hãy thực hiện thao tác sau: scroll sang trái
vuottrai,Giúp tôi lướt sang trái ngay nhé
vuottrai,Làm ơn scroll sang trái
vuottrai,Giúp tôi di chuyển nội dung sang trái ngay nhé
vuottrai,Vui lòng kéo sang trái
vuottrai,Tôi muốn bạn nghiêng màn hình sang trái
vuottrai,di chuyển con trỏ sang trái
vuottrai,Hãy giúp tôi đẩy nhẹ qua trái
vuottrai,Làm ơn di chuyển nội dung sang trái
vuottrai,Làm ơn scroll sang trái
vuottrai,Hãy giúp tôi di chuyển con trỏ sang trái
vuottrai,Hãy giúp tôi trượt qua trái
vuottrai,Hãy giúp tôi di sang trái một đoạn
vuottrai,Bạn có thể di sang trái một đoạn được không
vuottrai,Hãy thực hiện thao tác sau: chuyển trang qua trái
vuottrai,Làm ơn di chuyển nội dung sang trái
vuottrai,Vui lòng vuốt mạnh sang trái
vuottrai,Hãy giúp tôi nghiêng màn hình sang trái
vuottrai,Tôi cần bạn đẩy màn hình sang trái
vuottrai,Bạn có thể lật trang sang trái được không
vuottrai,Vui lòng đẩy màn hình sang trái
vuottrai,Vui lòng kéo nhẹ sang trái
vuottrai,Tôi cần bạn trượt sang trái
vuottrai,Tôi yêu cầu bạn vuốt mạnh sang trái
vuottrai,Làm ơn di sang trái một đoạn
vuottrai,Hãy giúp tôi trượt qua trái
vuottrai,Hãy thực hiện thao tác sau: di chuyển nội dung sang trái
vuottrai,Làm ơn nghiêng màn hình sang trái
vuottrai,Bạn có thể kéo trang sang trái được không
vuottrai,Tôi cần bạn kéo sang trái
vuottrai,Làm ơn scroll sang trái
vuottrai,Tôi yêu cầu bạn di sang trái một đoạn
vuottrai,Hãy giúp tôi scroll sang trái
vuottrai,Hãy thực hiện thao tác sau: kéo trang sang trái
vuottrai,Bạn có thể kéo nhẹ sang trái được không
vuottrai,kéo trang sang trái
vuottrai,Bạn có thể chuyển trang qua trái được không
vuottrai,Tôi muốn bạn vuốt mạnh sang trái
vuottrai,Tôi yêu cầu bạn vuốt sang trái để xem phần trước đó
vuottrai,Tôi cần bạn kéo sang trái
vuotxuong,Hãy thực hiện thao tác sau: vuốt mạnh xuống
vuotxuong,Giúp tôi cuộn trang xuống dưới ngay nhé
vuotxuong,Giúp tôi di chuyển nội dung xuống ngay nhé
vuotxuong,dời xuống
vuotxuong,Tôi yêu cầu bạn cuộn liên tục xuống
vuotxuong,Giúp tôi scroll thêm xuống ngay nhé
vuotxuong,Tôi cần bạn kéo trang xuống dưới
vuotxuong,Vui lòng di chuyển nội dung xuống
vuotxuong,Làm ơn lướt xuống dưới
vuotxuong,Bạn có thể đưa nội dung xuống thấp hơn được không
vuotxuong,Hãy thực hiện thao tác sau: đưa nội dung xuống thấp hơn
vuotxuong,Tôi cần bạn đưa nội dung xuống thấp hơn
vuotxuong,Hãy giúp tôi dời xuống
vuotxuong,Tôi yêu cầu bạn kéo màn hình xuống
vuotxuong,Tôi muốn bạn dời xuống
vuotxuong,Giúp tôi chuyển trang xuống dưới ngay nhé
vuotxuong,Hãy giúp tôi kéo nhẹ xuống
vuotxuong,kéo trang xuống dưới
vuotxuong,Vui lòng di chuyển nội dung xuống
vuotxuong,Hãy giúp tôi cuộn liên tục xuống
vuotxuong,Tôi yêu cầu bạn lật trang xuống
vuotxuong,Tôi cần bạn kéo xuống thật nhẹ
vuotxuong,Giúp tôi đưa nội dung xuống thấp hơn ngay nhé
vuotxuong,Tôi muốn bạn kéo màn hình xuống
vuotxuong,Hãy thực hiện thao tác sau: kéo nhẹ xuống
vuotxuong,Tôi yêu cầu bạn scroll xuống để xem tiếp
vuotxuong,Vui lòng cho màn hình hạ xuống
vuotxuong,Tôi muốn bạn kéo trang xuống dưới
vuotxuong,Bạn có thể vuốt mạnh xuống được không
vuotxuong,Tôi yêu cầu bạn quẹt xuống dưới
vuotxuong,Vui lòng cuộn liên tục xuống
vuotxuong,Hãy thực hiện thao tác sau: trượt xuống
vuotxuong,Hãy giúp tôi kéo nhẹ xuống
vuotxuong,Giúp tôi kéo xuống thật nhẹ ngay nhé
vuotxuong,Hãy thực hiện thao tác sau: scroll thêm xuống
vuotxuong,Bạn có thể cuộn trang xuống dưới được không
vuotxuong,Vui lòng đưa nội dung xuống thấp hơn
vuotxuong,Hãy giúp tôi kéo xuống thật nhẹ
vuotxuong,Giúp tôi vuốt xuống để xem thêm ngay nhé
vuotxuong,Vui lòng chuyển trang xuống dưới
vuotxuong,scroll xuống để xem tiếp
vuotxuong,Tôi yêu cầu bạn lật trang xuống
vuotxuong,Bạn có thể dời xuống được không
vuotxuong,Làm ơn scroll xuống để xem tiếp
vuotxuong,Giúp tôi vuốt mạnh xuống ngay nhé
vuotxuong,Giúp tôi quẹt xuống dưới ngay nhé
vuotxuong,Bạn có thể scroll xuống để xem tiếp được không
vuotxuong,Hãy giúp tôi kéo trang xuống dưới
vuotxuong,Vui lòng kéo nhẹ xuống
vuotxuong,đẩy màn hình xuống một chút
vuotxuong,Tôi cần bạn scroll thêm xuống
vuotxuong,Làm ơn kéo xuống thật nhẹ
vuotxuong,Giúp tôi đẩy màn hình xuống một chút ngay nhé
vuotxuong,Tôi muốn bạn lật trang xuống
vuotxuong,Tôi yêu cầu bạn đưa nội dung xuống thấp hơn
vuotxuong,Tôi muốn bạn di chuyển nội dung xuống
vuotxuong,Vui lòng đẩy màn hình xuống một chút
vuotxuong,Bạn có thể cuộn liên tục xuống được không
vuotxuong,Vui lòng cho màn hình hạ xuống
vuotxuong,kéo nhẹ xuống
vuotxuong,Hãy thực hiện thao tác sau: trượt xuống
vuotxuong,Vui lòng cuộn trang xuống dưới
vuotxuong,Tôi muốn bạn trượt xuống
vuotxuong,Làm ơn cho màn hình hạ xuống
vuotxuong,Giúp tôi vuốt xuống để xem thêm ngay nhé
vuotxuong,Tôi yêu cầu bạn lật trang xuống
vuotxuong,Giúp tôi chuyển trang xuống dưới ngay nhé
vuotxuong,Hãy thực hiện thao tác sau: cuộn liên tục xuống
vuotxuong,Làm ơn dời xuống
vuotxuong,Tôi yêu cầu bạn kéo trang xuống dưới
vuotxuong,Tôi muốn bạn vuốt xuống để xem thêm
vuotxuong,Làm ơn đẩy màn hình xuống một chút
vuotxuong,Giúp tôi vuốt mạnh xuống ngay nhé
vuotxuong,Hãy giúp tôi cho màn hình hạ xuống
vuotxuong,Tôi cần bạn cuộn liên tục xuống
vuotxuong,Tôi cần bạn kéo trang xuống dưới
vuotxuong,Tôi yêu cầu bạn kéo xuống thật nhẹ
vuotxuong,Giúp tôi kéo trang xuống dưới ngay nhé
vuotxuong,Tôi muốn bạn đưa nội dung xuống thấp hơn
vuotxuong,Tôi cần bạn vuốt xuống để xem thêm
vuotxuong,Tôi yêu cầu bạn quẹt xuống dưới
vuotxuong,Bạn có thể kéo màn hình xuống được không
vuotxuong,Vui lòng scroll thêm xuống
vuotxuong,Hãy giúp tôi kéo nhẹ xuống
vuotxuong,Vui lòng scroll xuống để xem tiếp
vuotxuong,Vui lòng quẹt xuống dưới
vuotxuong,Bạn có thể lướt xuống dưới được không
vuotxuong,Tôi muốn bạn cho màn hình hạ xuống
vuotxuong,Tôi cần bạn cho màn hình hạ xuống
vuotxuong,Giúp tôi kéo xuống thật nhẹ ngay nhé
vuotxuong,Tôi muốn bạn scroll thêm xuống
vuotxuong,Giúp tôi quẹt xuống dưới ngay nhé
vuotxuong,Giúp tôi di chuyển nội dung xuống ngay nhé
vuotxuong,Vui lòng kéo xuống thật nhẹ
vuotxuong,Tôi yêu cầu bạn cuộn trang xuống dưới
vuotxuong,Hãy giúp tôi scroll thêm xuống
vuotxuong,Tôi cần bạn lướt xuống dưới
vuotxuong,Tôi yêu cầu bạn cho màn hình hạ xuống
vuotxuong,Vui lòng vuốt mạnh xuống
vuotxuong,Giúp tôi cuộn liên tục xuống ngay nhé
